"Harry","2026-09-28","linear growth and blur reveal for prototype 6, added this to make the blur effect on css #garden-wrap.revealed { filter: blur(0px); }"
"Harry","2026-09-22","Create commit_history.csv"
Harry,Thu Sep 10 11:42:38 2026, fixed the branch,
Harry,Thu Sep 10 11:04:25 2026, works, fixed the js,
Harry,Thu Sep 3 18:06:29 2026, notes mapped by cluster chord,
Harry,Wed Sep 2 20:48:45 2026, added random note mapping,
Harry,Thu Aug 27 10:14:00 2026, fixed note positions and symmetric growth,
Harry,Thu Aug 20 11:58:23 2026, done some work on hover press and decided the note playing and added a not button.,
Harry,Tue Aug 18 12:30:03 2026, fixed make sound button, removed the second button,
Harry,Thu Aug 13 18:41:21 2026, fixed the css colors. 
Harry,Thu Aug 13 10:56:48 2026, the flower growth speeds up over the session,
Harry,Thu Jul 30 12:20:28 2026, sound  test,we make the button makes sound and we tested it and it's working!

Harry,Thu Jul 30 12:04:34 2026, project innit,made the basic files and linked them in together